-- BEGIN TRANSACTION;
SET FOREIGN_KEY_CHECKS = 0;
INSERT INTO `classes` (`id`,`main_group_id`,`input_group_id`,`name`,`description`,`enable_filter`,`created_at`,`updated_at`) VALUES (1,'120363406047196850@g.us','120363421339658261@g.us','Testing','Hanya untuk testing',1,'2023-09-23 09:57:57','2023-09-26 03:53:23'),
 (4,'120363421309923905@g.us','120363423650020027@g.us','Intern 2025','_Ga unik Ga inter_ 🤘🏻',0,'2023-09-23 11:56:41','2023-09-29 11:35:02'),
 (5,'120363401665645537@g.us','120363407259340860@g.us','KELAS C‼️','Kelas C',0,'2023-09-23 12:14:20','2023-09-26 15:28:33'),
 (6,'120363405574462774@g.us','120363423827679572@g.us','B','Kelas Baru',1,'2023-09-25 09:36:54','2023-09-26 03:53:42'),
 (7,'120363405174875435@g.us',NULL,'Perserikatan Jomok Inter','Yang batang-batang aja',0,'2023-09-28 07:42:20','2023-10-01 01:30:01'),
 (8,'120363403020815723@g.us',NULL,'KIP MI','Cair cair cair',1,'2023-10-10 01:08:29','2023-10-10 01:08:37'),
 (9,'120363422988269003@g.us',NULL,'tes','Kelas Baru',1,'2023-10-10 01:26:46','2023-10-10 01:26:59');
INSERT INTO `semesters` (`id`,`name`,`isActive`,`class_id`) VALUES (1,'Semester 1',0,1),
 (2,'Semester Rock N Roll',1,1),
 (4,'Semester 2',0,1),
 (5,'Semester 3',0,1),
 (8,'Semester 6',0,1),
 (12,'Semester 1',0,4),
 (13,'Semester 2',1,4),
 (14,'Semester 3',0,4),
 (15,'Semester 4',0,4),
 (16,'Semester 5',0,4),
 (17,'Semester 6',0,4),
 (18,'Semester 7',0,4),
 (19,'Semester 1',1,5),
 (20,'Semester 1',1,6),
 (21,'Semester 1',1,7),
 (22,'Semester 2',0,7),
 (23,'Semester 3',0,7),
 (24,'Semester 4',0,7),
 (25,'Semester 5',0,7),
 (26,'Semester 6',0,7),
 (27,'Semester 7',0,7),
 (28,'Semester 1',1,8),
 (29,'Semester 1',1,9),
 (30,'Semester 2',0,5),
 (31,'Semester 3',0,5),
 (32,'Semester 4',0,5),
 (33,'Semester 5',0,5),
 (34,'Semester 6',0,5),
 (35,'Semester 7',0,5),
 (36,'Semester 8',0,5);
INSERT INTO `subjects` (`id`,`name`,`semester_id`) VALUES (2,'Matematika Tidak Wajib',2),
 (3,'Pendidikan Agama Hindu',2),
 (4,'Pendidikan Pancasila',2),
 (6,'Bahasa Jerman',2),
 (8,'Mapel Wajib Catur',2),
 (9,'Ipa',2),
 (10,'Kesenian',2),
 (11,'Agama Islam',12),
 (12,'Algoritma Dan Pemrograman',12),
 (13,'Jaringan Komputer',12),
 (14,'Kewirausahaan',12),
 (15,'Literasi Digital',12),
 (16,'Matematika Komputasi',12),
 (17,'Pengantar Manajemen Proses Bisnis',12),
 (18,'Basis Data',2),
 (19,'Agama Islam',19),
 (20,'Algoritma Pemrograman',19),
 (21,'Jaringan Komputer',19),
 (22,'Kewirausahaan',19),
 (23,'Literasi Digital',19),
 (24,'Matematika Komputasi',19),
 (25,'Agama Islam',20),
 (26,'Algoritma Dan Pemrograman',20),
 (27,'Jaringan Komputer',20),
 (28,'Kewirausahaan',20),
 (29,'Literasi Digital',20),
 (30,'Matematika Komputasi',20),
 (31,'Pengantar Manajemen Proses Bisnis',20),
 (33,'Pendidikan Agama Dan Budi Pekerti',21),
 (34,'Pendidikan Pancasila',21),
 (35,'Bahasa Indonesia',21),
 (36,'Matematika',21),
 (37,'Sejarah',21),
 (38,'Bahasa Inggris',21),
 (39,'Informatika',21),
 (40,'Projek Ilmu Pengetahuan Alam Dan Sosial',21),
 (41,'Kewirausahaan',21),
 (42,'Manajemen Proses Bisnis',19),
 (43,'Agama Kristen',12),
 (44,'Bahasa Indonesia',13),
 (45,'Struktur Data',13),
 (46,'Matematika Diskrit',13),
 (47,'Basis Data',13),
 (48,'Rekayasa Perangkat Lunak',13),
 (49,'Pendidikan Jasmani',13),
 (50,'Pancasila',13);
INSERT INTO `tasks` (`id`,`mapel`,`judul`,`deadline`,`link`,`status`,`isGroupTask`,`attachmentData`,`finished_member_ids`,`class_id`,`created_at`) VALUES (24,'Matematika Komputasi','Praktikum 3','2025-11-25 23:59:00','LMS','Selesai',0,NULL,'',4,'2025-11-23 16:37:46'),
 (25,'Jaringan Komputer','Sesuai dengan module','2025-11-25 23:59:00','https://drive.google.com/drive/folders/1MZ_OIT1MSHnMMMxSiIdCmG3IsmdKhxfi?usp=sharing','Selesai',0,NULL,'',4,'2025-11-23 16:37:47'),
 (26,'Literasi Digital','Membuat Video pendek 3-5 menit, upload youtube','2025-12-01 23:59:00','https://docs.google.com/forms/d/e/1FAIpQLSc0De5_krKuIPDjN9fuApyUW3IcneO9ttPn-z9mA8MfV095Og/viewform?usp=sharing&ouid=112501878264125714460','Selesai',0,NULL,'',4,'2025-11-23 16:37:47'),
 (27,'Agama Islam','(Tugas Akhir) Membuat media digital untuk keperluan dakwah, terserah poster, booklet dll','2025-12-08 23:59:00','https://drive.google.com/drive/folders/1APaZlSj--KsiaAd1Z5EYp3mpkJGNGMnH','Selesai',0,NULL,'',4,'2025-11-23 16:37:47'),
 (31,'Literasi Digital','Resume sesuai dengan link','2025-11-23 10:00:00','https://s2mi.pasca.unesa.ac.id/page/materi-kuliah','Selesai',0,NULL,'',5,'2025-11-23 17:10:29'),
 (32,'Matematika Komputasi','Praktikum','2025-11-25 23:59:00','di LMS','Selesai',0,NULL,'',5,'2025-11-23 17:17:19'),
 (33,'Algoritma Dan Pemrograman','Proyek UAS sesuai dengan Proposal + Flowchart','2025-12-02 23:59:00','-','Selesai',0,NULL,'',4,'2025-11-23 18:47:40'),
 (34,'Literasi Digital','Resume sesuai link dibawah','2025-11-24 10:00:00','https://s2mi.pasca.unesa.ac.id/page/materi-kuliah','Selesai',0,NULL,'',5,'2025-11-23 20:05:13'),
 (35,'Kewirausahaan','Proposal dan Flowchart','2025-11-26 23:59:00','https://drive.google.com/drive/folders/12i3Tc1CR6le7RY-Jsjinr_NmxD1aC7pL','Selesai',0,NULL,'',4,'2025-11-24 08:16:55'),
 (36,'Literasi Digital','Resume tambahan dengan link dibawah','2025-11-24 23:59:00','https://drive.google.com/drive/folders/1Z-bazG1vYFzGQHxT2i06yrnxhzo79j9q?usp=sharing','Selesai',0,NULL,'',5,'2025-11-24 10:55:41'),
 (37,'Algoritma Pemrograman','Membuat game dengan full Python','2025-12-15 23:59:00','Rekam gameplay (dengan narasi) lalu upload di YouTube','Selesai',0,NULL,'',5,'2025-11-24 10:59:15'),
 (43,'Matematika Komputasi','*meresume materi 2 dijadikan 1 pdf di narasikan dibedakan ya materi bagian 1 sendiri 2 sendiri*','2025-12-02 23:59:00','https://drive.google.com/drive/folders/1XhePYxG43uSYfFPb-ZtupQnjNmHRW2ub','Selesai',0,NULL,'',6,'2025-11-26 15:59:49'),
 (44,'Jaringan Komputer','LAPORAN RESMI JARKOM PRAKTIKUM DHCP','2025-12-03 23:59:00','-','Selesai',0,NULL,'',6,'2025-11-26 18:54:03'),
 (45,'Jaringan Komputer','PRESENTASI PROGRES PROYEK AKHIR','2025-12-02 23:59:00','-','Selesai',1,NULL,'',6,'2025-11-26 19:14:13'),
 (46,'Algoritma Dan Pemrograman','Implementasi algoritma dalam C++','2025-11-28 23:59:00','-','Selesai',0,NULL,'',6,'2025-11-27 09:38:11'),
 (47,'Algoritma Dan Pemrograman','Implementasi Algoritma dalam Python','2025-11-28 23:59:00','-','Selesai',0,NULL,'',6,'2025-11-27 09:38:12'),
 (50,'Literasi Digital','Evergreen Content: Konten bebas yang penting relevan kehidupan sehari-sehari','2025-11-29 23:59:00','Segera list idemu!','Selesai',0,NULL,'',5,'2025-11-28 18:05:24'),
 (54,'Literasi Digital','Buat artikel dengan judul yang sudah kalian tentukan','2025-12-01 23:59:00','https://drive.google.com/drive/folders/1cmttj8fbu9g88MHHdQrr-h_ojmxWyE-_?usp=sharing','Selesai',0,NULL,'',5,'2025-12-01 11:41:37'),
 (55,'Literasi Digital','Quiz Litdig','2025-12-01 23:00:00','https://wayground.com/join?gc=367446','Selesai',0,NULL,'',4,'2025-12-01 12:09:06'),
 (56,'Agama Islam','Membuat makalah','2025-12-19 23:59:00','-','Selesai',0,NULL,'',6,'2025-12-01 13:33:49'),
 (57,'Jaringan Komputer','Laporan Proyek Akhir','2025-12-17 15:00:00','Cek Sindig masing-masing','Selesai',0,NULL,'',5,'2025-12-01 18:06:31'),
 (58,'Matematika Komputasi','Praktikum minggu ke-15','2025-11-15 23:59:00','Cek Sindig masing-masing','Selesai',0,NULL,'',5,'2025-12-01 18:12:59'),
 (59,'Matematika Komputasi','Praktikum minggu ke-15','2025-12-15 23:59:00','Cek Sindig masing-masing','Selesai',0,NULL,'',5,'2025-12-01 18:13:52'),
 (60,'Agama Islam','Membuat makalah PAI 028','2025-12-19 23:59:00','Secara offline (bertemu langsung bapaknya)','Selesai',0,NULL,'',5,'2025-12-01 18:18:46'),
 (61,'Jaringan Komputer','praktikum minggu ke-15','2025-12-01 23:59:00','-','Selesai',0,NULL,'',6,'2025-12-01 19:00:20'),
 (62,'Matematika Komputasi','*PRAKTIKUM MATKOM MINGGU KE -15*','2025-12-15 23:59:00','di kumpulkan di sso masing”','Selesai',0,NULL,'',6,'2025-12-01 22:45:27'),
 (63,'Matematika Komputasi','Praktikum 4','2025-12-16 23:59:00','SSO','Selesai',0,NULL,'',4,'2025-12-02 00:15:10'),
 (64,'Jaringan Komputer','UAS PROYEK AKHIR JARKOM, yaitu membuat jaringan sesuai kelompoknya masing-masing sudah di bagi, membuat poster, membuat laporan sederhana jikalau kurang lengkap bisa di cek di modulnya dan demo day','2025-12-17 23:59:00','-','Selesai',0,NULL,'',6,'2025-12-04 00:42:03'),
 (65,'Kewirausahaan','membuat karya/proyek yang bisa menghasilkan dengan membuat laporan dan untuk disva membuat portofolio perkelompok','2025-12-19 23:59:00','-','Selesai',0,NULL,'',6,'2025-12-04 00:48:33'),
 (70,'Algoritma Dan Pemrograman','Melanjutkan Alpro bagi yang belum','2025-12-09 23:59:00','-','Selesai',0,NULL,'276252363632838',4,'2025-12-04 17:02:48'),
 (71,'Manajemen Proses Bisnis','Membuat gambar ERD','2025-12-07 20:00:00','Cek Sindig masing-masing','Selesai',0,NULL,'',5,'2025-12-05 16:38:00'),
 (72,'Kewirausahaan','Proposal, Mockup, Xbanner, dll','2025-12-15 23:59:00','-','Selesai',0,NULL,'',5,'2025-12-05 22:20:02'),
 (73,'Pengantar Manajemen Proses Bisnis','Membuat ERD sesuai dengan Modul','2025-12-07 20:00:00','SSO','Selesai',0,'{`type`:`imageMessage`,`mimetype`:`image/jpeg`,`localFilePath`:`/media/hnzsama/NewVolume/Study/Unesa/Algoritma_Dan_Pemrograman/UAS/class-bot/media_tasks/1765039719937_ai.jpeg`}','',4,'2025-12-06 23:48:46'),
 (74,'Literasi Digital','Ujian Literasi Digital','2025-12-18 09:30:00','-','Selesai',0,NULL,'',4,'2025-12-07 19:56:59'),
 (75,'Kewirausahaan','Ujian MK Kewirausahaan','2025-12-19 09:30:00','-','Selesai',0,NULL,'',4,'2025-12-07 19:57:00'),
 (76,'Agama Islam','Ujian MK Agama Islam','2025-12-19 07:00:00','-','Selesai',0,NULL,'',4,'2025-12-07 19:58:34'),
 (77,'Agama Kristen','Ujian MK Agama Kristen','2025-12-19 07:00:00','-','Selesai',0,NULL,'',4,'2025-12-07 19:58:34'),
 (78,'Kewirausahaan','Proposal dan Poster','2025-12-18 23:59:00','https://drive.google.com/drive/folders/12i3Tc1CR6le7RY-Jsjinr_NmxD1aC7pL','Selesai',0,NULL,'',4,'2025-12-08 07:26:34'),
 (79,'Matematika Komputasi','UAS kelas B','2025-12-16 09:30:00','-','Selesai',0,NULL,'',6,'2025-12-08 10:34:34'),
 (80,'Pengantar Manajemen Proses Bisnis','UAS PMPB TANGGAL 19
DESEMBER JAM 13.00-14.40','2025-12-19 23:59:00','di ruangan K10.02.06','Selesai',0,NULL,'',6,'2025-12-08 10:58:51'),
 (81,'Matematika Komputasi','Ujian Matematika Komputasi','2025-12-18 07:00:00','-','Selesai',0,NULL,'',4,'2025-12-09 18:38:58'),
 (82,'Pengantar Manajemen Proses Bisnis','Ujian Manajemen Proses Bisnis','2025-12-19 14:40:00','-','Selesai',0,NULL,'',4,'2025-12-09 18:38:58'),
 (83,'Manajemen Proses Bisnis','UAS!!!','2025-12-18 07:00:00','-','Selesai',0,NULL,'',5,'2025-12-10 10:02:43'),
 (84,'Matematika Komputasi','UAS ONLINE!!! (Via Wayground/Quizziz)','2025-12-16 13:00:00','-','Selesai',0,NULL,'',5,'2025-12-10 10:03:38'),
 (86,'Jaringan Komputer','UAS Jarkom Pilihan Ganda','2025-12-18 23:59:00','https://forms.gle/idPX1nKP7Lrr8vfaA','Selesai',0,'{`type`:`imageMessage`,`mimetype`:`image/jpeg`,`localFilePath`:`/media/hnzsama/NewVolume/Study/Unesa/Algoritma_Dan_Pemrograman/UAS/class-bot/media_tasks/1765626150841_ai.jpeg`}','',4,'2025-12-13 18:42:34'),
 (87,'Literasi Digital','UAS ONLINE!!!','2025-12-18 09:30:00','-','Selesai',0,NULL,'',5,'2025-12-14 18:19:42'),
 (88,'Jaringan Komputer','UAS OFFLINE!!!','2025-12-17 13:00:00','-','Selesai',0,NULL,'',5,'2025-12-14 18:20:54'),
 (89,'Literasi Digital','Literasi Digital Tanggal 18 Desember 09:30-11:10','2025-12-18 09:30:00','-','Selesai',0,NULL,'',6,'2025-12-15 08:25:09'),
 (90,'Jaringan Komputer','UAS Jarkom Pilihan Ganda','2025-12-16 23:00:00','https://forms.gle/idPX1nKP7Lrr8vfaA','Selesai',0,NULL,'276252363632838,202829948002506',4,'2025-12-16 09:51:03'),
 (91,'Jaringan Komputer','MAKALAH!!! (BUAT YANG NILAINYA KURANG)','2025-12-22 21:00:00','Cek LMS Jarkom','Selesai',0,NULL,'',5,'2025-12-20 19:34:16');
INSERT INTO `members` (`id`,`nim`,`nama`,`panggilan`,`class_id`,`created_at`,`updated_at`) VALUES (1,'0000001','Kumarah','Kumar',1,'2025-11-23 14:37:18','2025-11-23 15:06:58'),
 (2,'0000002','Bapuk','bapuk',1,'2025-11-23 14:37:31','2025-11-23 15:06:58'),
 (8,'0000003','Mahasiswa 3','Mhs3',1,'2025-11-23 14:50:24','2025-11-23 15:06:58'),
 (9,'0000004','Mahasiswa 4','Mhs4',1,'2025-11-23 14:50:24','2025-11-23 15:06:58'),
 (10,'0000005','Mahasiswa 5','Mhs5',1,'2025-11-23 14:50:24','2025-11-23 15:06:58'),
 (11,'0000006','Mahasiswa 6','Mhs6',1,'2025-11-23 14:50:24','2025-11-23 15:06:58'),
 (12,'0000007','Mahasiswa 7','Mhs7',1,'2025-11-23 14:50:24','2025-11-23 15:06:59'),
 (13,'0000008','Mahasiswa 8','Mhs8',1,'2025-11-23 14:50:25','2025-11-23 15:06:59'),
 (14,'0000009','Mahasiswa 9','Mhs9',1,'2025-11-23 14:50:25','2025-11-23 15:06:59'),
 (15,'0000010','Mahasiswa 10','Mhs10',1,'2025-11-23 14:50:25','2025-11-23 15:06:59'),
 (16,'0000011','Mahasiswa 11','Mhs11',1,'2025-11-23 14:50:25','2025-11-23 15:06:59'),
 (17,'0000012','Mahasiswa 12','Mhs12',1,'2025-11-23 14:50:25','2025-11-23 15:06:59'),
 (18,'0000013','Mahasiswa 13','Mhs13',1,'2025-11-23 14:50:25','2025-11-23 15:06:59'),
 (19,'0000014','Mahasiswa 14','Mhs14',1,'2025-11-23 14:50:25','2025-11-23 15:06:59'),
 (20,'0000015','Mahasiswa 15','Mhs15',1,'2025-11-23 14:50:25','2025-11-23 15:06:59'),
 (21,'0000016','Mahasiswa 16','Mhs16',1,'2025-11-23 14:50:25','2025-11-23 15:06:59'),
 (22,'0000017','Mahasiswa 17','Mhs17',1,'2025-11-23 14:50:25','2025-11-23 15:06:59'),
 (23,'0000018','Mahasiswa 18','Mhs18',1,'2025-11-23 14:50:25','2025-11-23 15:06:59'),
 (24,'0000019','Mahasiswa 19','Mhs19',1,'2025-11-23 14:50:25','2025-11-23 15:06:59'),
 (25,'0000020','Mahasiswa 20','Mhs20',1,'2025-11-23 14:50:25','2025-11-23 15:06:59'),
 (26,'0000021','Mahasiswa 21','Mhs21',1,'2025-11-23 14:50:25','2025-11-23 15:06:59'),
 (27,'0000022','Mahasiswa 22','Mhs22',1,'2025-11-23 14:50:25','2025-11-23 15:07:00'),
 (28,'0000023','Mahasiswa 23','Mhs23',1,'2025-11-23 14:50:25','2025-11-23 15:07:00'),
 (29,'0000024','Mahasiswa 24','Mhs24',1,'2025-11-23 14:50:26','2025-11-23 15:07:00'),
 (30,'0000025','Mahasiswa 25','Mhs25',1,'2025-11-23 14:50:26','2025-11-23 15:07:00'),
 (31,'0000026','Mahasiswa 26','Mhs26',1,'2025-11-23 14:50:26','2025-11-23 15:07:00'),
 (32,'0000027','Mahasiswa 27','Mhs27',1,'2025-11-23 14:50:26','2025-11-23 15:07:00'),
 (35,'0000030','Mahasiswa 30','Mhs30',1,'2025-11-23 14:50:26','2025-11-23 15:07:00'),
 (36,'25091397003','Muhammad Maulana Adriansyah','Sayangnya Tegar',4,'2025-11-23 17:01:47','2025-11-23 17:11:08'),
 (37,'25091397015','Muhammad Satriyo Fajar Pangestu','Satriyo',4,'2025-11-23 17:01:47','2025-11-23 17:01:47'),
 (38,'25091397023','Rifdah Sakhi Ramadhani','Rifdah',4,'2025-11-23 17:01:47','2025-11-23 17:01:47'),
 (39,'25091397035','Sayyidah Farah Amellia','Sayyidah',4,'2025-11-23 17:01:47','2025-11-23 17:01:47'),
 (40,'25091397037','Hilbram Iqbal Hamidy','Hilbram',4,'2025-11-23 17:01:47','2025-11-23 17:01:47'),
 (41,'25091397042','Wibowo Aji Setiaji Noviansyah','Wibowo',4,'2025-11-23 17:01:47','2025-11-23 17:01:47'),
 (42,'25091397045','Pileyo Hananim Zamonokhi Bate''e','Piyelo',4,'2025-11-23 17:01:48','2025-12-02 23:03:37'),
 (43,'25091397051','Zulfa Durotun Nafisyah','Zulfa',4,'2025-11-23 17:01:48','2025-11-23 17:01:48'),
 (44,'25091397059','Syaiful Anam','Syaiful',4,'2025-11-23 17:01:48','2025-11-23 17:01:48'),
 (45,'25091397069','Adam Safinas','Adam',4,'2025-11-23 17:01:48','2025-11-23 17:01:48'),
 (46,'25091397076','Soraya Ikhsania Balqis','Soraya',4,'2025-11-23 17:01:48','2025-11-23 17:01:48'),
 (47,'25091397077','Rafa Rizqullah Nur Muhammad','Rafa',4,'2025-11-23 17:01:48','2025-11-23 17:01:48'),
 (48,'25091397082','Elvira Aprilia','Elvira',4,'2025-11-23 17:01:48','2025-11-23 17:01:48'),
 (49,'25091397084','Dafa Abiyyu Rahyudi','Dafa',4,'2025-11-23 17:01:48','2025-11-23 17:01:48'),
 (50,'25091397086','Luqman Bil As''har','Luqman',4,'2025-11-23 17:01:48','2025-11-23 17:01:48'),
 (51,'25091397089','Muhammad Caesary Waly Averroes','Caesary',4,'2025-11-23 17:01:48','2025-11-23 17:01:48'),
 (52,'25091397093','Christiano Laurencius Geovann Gunawan','Christiano',4,'2025-11-23 17:01:48','2025-11-23 17:01:48'),
 (53,'25091397095','Dilla Angelina Damiri','Dilla',4,'2025-11-23 17:01:48','2025-11-23 17:01:48'),
 (54,'25091397097','Alya Nurin Fadilah','Alya',4,'2025-11-23 17:01:48','2025-11-23 17:01:48'),
 (55,'25091397098','Ella Dea Azahra','Ella',4,'2025-11-23 17:01:49','2025-11-23 17:01:49'),
 (56,'25091397103','Aulia Reswari Putri Arif','Aulia',4,'2025-11-23 17:01:49','2025-11-23 17:01:49'),
 (57,'25091397105','Tegar Satria Wicaksono','Tegar',4,'2025-11-23 17:01:49','2025-11-23 17:01:49'),
 (58,'25091397108','Aisyah Currents','Aisyah',4,'2025-11-23 17:01:49','2025-11-23 17:01:49'),
 (59,'25091397111','Rafael Maulana','Rafael',4,'2025-11-23 17:01:49','2025-11-23 17:01:49'),
 (60,'25091397115','Alif Daffa Fadilah','Alif',4,'2025-11-23 17:01:49','2025-11-23 17:01:49'),
 (61,'25091397124','Narendra Daniswara','Narendra',4,'2025-11-23 17:01:49','2025-11-23 17:01:49'),
 (62,'25091397129','Andrasena Nugraha','Andrasena',4,'2025-11-23 17:01:49','2025-11-23 17:01:49'),
 (63,'25091397130','Jihad Fisabilillah','Jihad',4,'2025-11-23 17:01:49','2025-11-23 17:01:49'),
 (64,'25091397132','Flo Raras Fathin','Flo',4,'2025-11-23 17:01:49','2025-11-23 17:01:49'),
 (65,'25091397147','Mochammad Bagus Setio Prakoso','Bagus',4,'2025-11-23 17:01:49','2025-11-23 17:01:49'),
 (66,'25091397074','Fajar Mulia Ramadhan','Fajar',5,'2025-11-23 17:04:53','2025-11-23 17:04:53'),
 (67,'25091397075','Fatwa Nurhikmah','Fatwa',5,'2025-11-23 17:04:53','2025-11-23 17:04:53'),
 (68,'25091397078','Muhammad Riski','Muhammad',5,'2025-11-23 17:04:53','2025-11-23 17:04:53'),
 (69,'25091397079','Aby Putra Mahendra','Aby',5,'2025-11-23 17:04:53','2025-11-23 17:04:53'),
 (70,'25091397080','Defani Natalia Ningrum','Defani',5,'2025-11-23 17:04:53','2025-11-23 17:04:53'),
 (71,'25091397081','Priyanapta Tsanyatha','Priyanapta',5,'2025-11-23 17:04:53','2025-11-23 17:04:53'),
 (72,'25091397083','Nikmal Maulina Arba''ani','Nikmal',5,'2025-11-23 17:04:53','2025-11-23 17:04:53'),
 (73,'25091397085','Kristina Ina Helan','Kristina',5,'2025-11-23 17:04:53','2025-11-23 17:04:53'),
 (74,'25091397087','Roselle Mustarino Marrethy','Roselle',5,'2025-11-23 17:04:53','2025-11-23 17:04:53'),
 (75,'25091397088','Syafina Azzahra','Syafina',5,'2025-11-23 17:04:53','2025-11-23 17:04:53'),
 (76,'25091397090','Muhammad Rafi Adiwanto','Muhammad',5,'2025-11-23 17:04:54','2025-11-23 17:04:54'),
 (77,'25091397091','Muchammad Bujang Nasril','Muchammad',5,'2025-11-23 17:04:54','2025-11-23 17:04:54'),
 (78,'25091397092','Anisa Dini Septianda','Anisa',5,'2025-11-23 17:04:54','2025-11-23 17:04:54'),
 (79,'25091397094','Muhammad Amrullah Faiqoh','Muhammad',5,'2025-11-23 17:04:54','2025-11-23 17:04:54'),
 (80,'25091397096','Amanda Riyadhottul Jannah','Amanda',5,'2025-11-23 17:04:54','2025-11-23 17:04:54'),
 (81,'25091397099','Rizky Mardianto','Rizky',5,'2025-11-23 17:04:54','2025-11-23 17:04:54'),
 (82,'25091397100','Rifky Bintang Adi Seventnovan','Rifky',5,'2025-11-23 17:04:54','2025-11-23 17:04:54'),
 (83,'25091397101','Diva Santia Medyana','Diva',5,'2025-11-23 17:04:54','2025-11-23 17:04:54'),
 (84,'25091397102','Riska Nuraini','Riska',5,'2025-11-23 17:04:54','2025-11-23 17:04:54'),
 (85,'25091397104','Kautsarina','Kautsarina',5,'2025-11-23 17:04:54','2025-11-23 17:04:54'),
 (86,'25091397106','Laely Rahma Ramadhani','Laely',5,'2025-11-23 17:04:54','2025-11-23 17:04:54'),
 (87,'25091397107','Michel Brady Girsang','Michel',5,'2025-11-23 17:04:54','2025-11-23 17:04:54'),
 (88,'25091397109','Carissa Amanda Euodia Pohan','Carissa',5,'2025-11-23 17:04:54','2025-11-23 17:04:54'),
 (89,'25091397110','Mokhammad Fahim Imanudin','Mokhammad',5,'2025-11-23 17:04:54','2025-11-23 17:04:54'),
 (90,'25091397112','Zakia Febri Rahmawati Basuki','Zakia',5,'2025-11-23 17:04:54','2025-11-23 17:04:54'),
 (91,'25091397113','Natasya Putri Azahra','Natasya',5,'2025-11-23 17:04:54','2025-11-23 17:04:54'),
 (92,'25091397114','Nina Ernita Rahmadina','Nina',5,'2025-11-23 17:04:55','2025-11-23 17:04:55'),
 (93,'25091397116','Risma Nurus Sa''adah','Risma',5,'2025-11-23 17:04:55','2025-11-23 17:04:55'),
 (94,'25091397117','Aditya Nur Rahman Suwandi','Aditya',5,'2025-11-23 17:04:55','2025-11-23 17:04:55'),
 (95,'25091397118','Ardhi Febriano Alfirdaus','Ardhi',5,'2025-11-23 17:04:55','2025-11-23 17:04:55'),
 (96,'25091397119','M. Khananta Putra Sani','Khananta',5,'2025-11-23 17:04:55','2025-11-23 17:04:55'),
 (97,'25091397038','Izzatus Shofwa Ar Rafei','Izzatus',6,'2025-11-25 21:24:35','2025-11-25 21:24:35'),
 (98,'25091397039','Farhan Bagas Firmansyah','Farhan',6,'2025-11-25 21:24:35','2025-11-25 21:24:35'),
 (99,'25091397040','Jesica Salsa Nur Ramadhani','Jesica',6,'2025-11-25 21:24:35','2025-11-25 21:24:35'),
 (100,'25091397041','Khairin Naswa Dewiki','Khairin',6,'2025-11-25 21:24:35','2025-11-25 21:24:35'),
 (101,'25091397043','Michelly Lavinia Niti','Michelly',6,'2025-11-25 21:24:36','2025-11-25 21:24:36'),
 (102,'25091397044','Naila Husna Sabilah','Naila',6,'2025-11-25 21:24:36','2025-11-25 21:24:36'),
 (103,'25091397046','Adityah Candra Pratama','Adityah',6,'2025-11-25 21:24:36','2025-11-25 21:24:36'),
 (104,'25091397047','A''isyah Tri Harfani','A''isyah',6,'2025-11-25 21:24:36','2025-11-25 21:24:36'),
 (105,'25091397048','Muhammad Dava Desvilano','Muhammad',6,'2025-11-25 21:24:36','2025-11-25 21:24:36'),
 (106,'25091397049','Avan Abdillah','Avan',6,'2025-11-25 21:24:36','2025-11-25 21:24:36'),
 (107,'25091397050','Farid Ahmad Santoso','Farid',6,'2025-11-25 21:24:36','2025-11-25 21:24:36'),
 (108,'25091397052','Muhammad Aufa Dhiya''uddin','Muhammad',6,'2025-11-25 21:24:36','2025-11-25 21:24:36'),
 (109,'25091397053','Bintang Rahmad Novianto','Bintang',6,'2025-11-25 21:24:36','2025-11-25 21:24:36'),
 (110,'25091397054','Nabil Faza Al-musyaffa','Nabil',6,'2025-11-25 21:24:37','2025-11-25 21:24:37'),
 (111,'25091397055','Prahma Agis Shevina','Prahma',6,'2025-11-25 21:24:37','2025-11-25 21:24:37'),
 (112,'25091397056','Irma Naillatul Izzah','Irma',6,'2025-11-25 21:24:37','2025-11-25 21:24:37'),
 (113,'25091397058','Muhammad Richard Esa Ramadhan','Muhammad',6,'2025-11-25 21:24:37','2025-11-25 21:24:37'),
 (114,'25091397060','Khayla Qutsy Mauliddina','Khayla',6,'2025-11-25 21:24:37','2025-11-25 21:24:37'),
 (115,'25091397061','Achmad Mohammad Rivaldi','Achmad',6,'2025-11-25 21:24:37','2025-11-25 21:24:37'),
 (116,'25091397062','Nyssa Leilani Calista','Nyssa',6,'2025-11-25 21:24:37','2025-11-25 21:24:37'),
 (117,'25091397063','Muhammad Pasha Herianto','Muhammad',6,'2025-11-25 21:24:37','2025-11-25 21:24:37'),
 (118,'25091397064','Muh. Abdillah Irawan','Muh.',6,'2025-11-25 21:24:38','2025-11-25 21:24:38'),
 (119,'25091397065','Muhammad Alfaras Aditya Rizky','Muhammad',6,'2025-11-25 21:24:38','2025-11-25 21:24:38'),
 (120,'25091397066','Gerald Bimo','Gerald',6,'2025-11-25 21:24:38','2025-11-25 21:24:38'),
 (121,'25091397067','Wahyu Adi Pratama','Wahyu',6,'2025-11-25 21:24:38','2025-11-25 21:24:38'),
 (122,'25091397068','Mochamad Abby Dzikirrollah','Mochamad',6,'2025-11-25 21:24:38','2025-11-25 21:24:38'),
 (123,'25091397070','Afriwinner Simamora','Afriwinner',6,'2025-11-25 21:24:38','2025-11-25 21:24:38'),
 (124,'25091397071','Vanhan Rheda Wardana','Vanhan',6,'2025-11-25 21:24:38','2025-11-25 21:24:38'),
 (125,'25091397072','M. Bagus Kuncoro Yekti','M.',6,'2025-11-25 21:24:38','2025-11-25 21:24:38'),
 (126,'25091397073','Viandra Firzy Dharmayu','Viandra',6,'2025-11-25 21:24:39','2025-11-25 21:24:39'),
 (127,'001','Siswa Pertama','Satu',7,'2025-12-04 11:44:10','2025-12-04 11:44:10'),
 (128,'002','Siswa Kedua','Dua',7,'2025-12-04 11:44:10','2025-12-04 11:44:10'),
 (129,'003','Siswa Ketiga','Tiga',7,'2025-12-04 11:44:10','2025-12-04 11:44:10'),
 (130,'004','Siswa Keempat','Empat',7,'2025-12-04 11:44:10','2025-12-04 11:44:10'),
 (131,'005','Siswa Kelima','Lima',7,'2025-12-04 11:44:10','2025-12-04 11:44:10');
INSERT INTO `group_assignments` (`id`,`judul`,`wa_group_id`,`class_id`,`createdAt`) VALUES (1,'Kelompok Tugas Agama','120363406047196850@g.us',1,'2025-11-23 15:40:10'),
 (2,'Tugas Alpro','120363406047196850@g.us',1,'2025-11-23 15:47:41'),
 (3,'agama','120363405174875435@g.us',7,'2025-12-04 11:44:47');
INSERT INTO `sub_groups` (`id`,`namaSubGrup`,`assignmentId`) VALUES (1,'Kelompok 1',1),
 (2,'Kelompok 2',1),
 (3,'Kelompok 3',1),
 (4,'Kelompok 4',1),
 (5,'Kelompok 5',1),
 (6,'Kelompok 6',1),
 (7,'Kelompok 7',1),
 (8,'Kelompok 8',1),
 (9,'Kelompok 9',1),
 (10,'Kelompok 1',2),
 (11,'Kelompok 2',2),
 (12,'Kelompok 3',2),
 (13,'Kelompok 1',3),
 (14,'Kelompok 2',3);
INSERT INTO `_MemberSubGroups` (`A`,`B`) VALUES (20,1),
 (30,1),
 (2,1),
 (9,1),
 (16,2),
 (32,2),
 (15,2),
 (1,3),
 (18,3),
 (24,3),
 (12,4),
 (28,4),
 (8,4),
 (29,5),
 (35,5),
 (26,5),
 (11,6),
 (27,6),
 (14,6),
 (13,7),
 (19,7),
 (31,7),
 (25,8),
 (10,8),
 (21,8),
 (17,9),
 (23,9),
 (22,9),
 (8,10),
 (2,10),
 (24,10),
 (9,10),
 (1,10),
 (23,10),
 (19,10),
 (31,10),
 (30,10),
 (22,10),
 (11,11),
 (17,11),
 (35,11),
 (21,11),
 (26,11),
 (13,11),
 (15,11),
 (32,11),
 (12,11),
 (16,12),
 (18,12),
 (29,12),
 (14,12),
 (10,12),
 (25,12),
 (27,12),
 (28,12),
 (20,12),
 (128,13),
 (131,13),
 (130,13),
 (129,14),
 (127,14);
INSERT INTO `reminders` (`id`,`pesan`,`waktu`,`isSent`,`sender`,`class_id`,`created_at`,`repeatInterval`,`repeatUntil`,`targetMembers`) VALUES (1,'tugas resume literasi digital','2025-11-23 21:00:00',1,'17295933992982',5,'2025-11-23 17:18:33',NULL,NULL,NULL), 
 (2,'Reminder berulang','2025-11-23 17:24:00',1,'14616377700491',5,'2025-11-23 17:20:35','1m','2025-11-23 17:25:00',NULL),
 (3,'1 jam kedepan adalah hari senin','2025-11-23 23:00:00',1,'17295933992982',5,'2025-11-23 17:22:28',NULL,NULL,NULL),
 (4,'Join gmeet KWU (Cara join di SSO masing-masing)','2025-11-24 12:50:00',1,'17295933992982',5,'2025-11-24 10:14:14',NULL,NULL,NULL),
 (7,'Reminder untuk @17295933992982','2025-11-25 14:20:00',1,'276252363632838',1,'2025-11-25 14:16:00','1m','2025-11-25 14:21:00',NULL),
 (8,'untuk @17295933992982','2025-11-25 14:32:00',1,'276252363632838',1,'2025-11-25 14:27:43','1m','2025-11-25 14:33:00','17295933992982@lid'),
 (9,'halo luqman untuk @276252363632838','2025-11-25 14:33:00',1,'17295933992982',1,'2025-11-25 14:28:57','1m','2025-11-25 14:34:00','276252363632838@lid'),
 (10,'halo luqman','2025-11-25 14:35:00',1,'17295933992982',1,'2025-11-25 14:30:07','1m','2025-11-25 14:36:00','276252363632838@lid,14616377700491@lid'),
 (11,'Jangan lupa makan','2025-11-25 14:44:00',1,'276252363632838',1,'2025-11-25 14:39:39','1m','2025-11-25 14:45:00','19885782499330@lid,17295933992982@lid'),
 (12,'Jangan lupa makan','2025-11-25 14:48:00',1,'276252363632838',1,'2025-11-25 14:44:36','1m','2025-11-25 14:49:00','19885782499330@lid'),
 (13,'Jangan lupa makan','2025-11-25 14:53:00',1,'276252363632838',1,'2025-11-25 14:48:17','1m','2025-11-25 14:54:00',NULL),
 (14,'Jangan lupa makan','2025-11-25 14:52:00',1,'276252363632838',1,'2025-11-25 14:48:30','1m','2025-11-25 14:53:00','19885782499330@lid'),
 (15,'','2025-11-25 14:55:00',1,'276252363632838',1,'2025-11-25 14:54:39',NULL,NULL,NULL),
 (16,'','2025-11-25 14:59:00',1,'276252363632838',1,'2025-11-25 14:58:10',NULL,NULL,NULL),
 (17,'','2025-11-25 15:06:00',1,'276252363632838',1,'2025-11-25 15:05:57',NULL,NULL,NULL),
 (19,'','2025-11-25 15:09:00',1,'276252363632838',1,'2025-11-25 15:08:30',NULL,NULL,NULL),
 (20,'','2025-11-25 15:12:00',1,'276252363632838',1,'2025-11-25 15:11:43',NULL,NULL,NULL),
 (21,'Reminder','2025-11-26 15:09:00',1,'276252363632838',1,'2025-11-25 15:13:54',NULL,NULL,NULL),
 (22,'','2025-11-25 15:19:00',1,'276252363632838',1,'2025-11-25 15:18:27',NULL,NULL,NULL),
 (23,'','2025-11-26 01:00:00',1,'14616377700491',1,'2025-11-25 15:23:26',NULL,NULL,NULL),
 (24,'','2025-11-26 01:00:00',1,'14616377700491',1,'2025-11-25 15:24:20',NULL,NULL,'17295933992982@lid'),
 (25,'Pengingat','2025-11-26 13:26:00',1,'14616377700491',1,'2025-11-25 15:25:20',NULL,NULL,'19885782499330@lid'),
 (26,'','2025-11-25 15:26:00',1,'14616377700491',1,'2025-11-25 15:25:45',NULL,NULL,NULL),
 (27,'','2025-11-25 15:27:00',1,'14616377700491',1,'2025-11-25 15:26:35',NULL,NULL,'276252363632838@lid'),
 (28,'','2025-11-25 15:27:00',1,'14616377700491',1,'2025-11-25 15:26:37',NULL,NULL,'276252363632838@lid'),
 (29,'','2025-11-25 15:28:00',1,'14616377700491',1,'2025-11-25 15:27:38',NULL,NULL,NULL),
 (30,'','2025-11-25 15:29:00',1,'14616377700491',1,'2025-11-25 15:28:01',NULL,NULL,'276252363632838@lid'),
 (31,'','2025-11-26 15:24:00',1,'14616377700491',1,'2025-11-25 15:33:39',NULL,NULL,'276252363632838@lid'),
 (32,'Reminder','2025-11-25 15:34:00',1,'14616377700491',1,'2025-11-25 15:33:42',NULL,NULL,'276252363632838@lid'),
 (33,'Pengingat','2025-11-25 15:35:00',1,'14616377700491',1,'2025-11-25 15:34:28',NULL,NULL,'276252363632838@lid'),
 (34,'','2025-11-25 15:36:00',1,'14616377700491',1,'2025-11-25 15:35:39',NULL,NULL,'19885782499330@lid,17295933992982@lid'),
 (36,'','2025-11-25 16:02:00',1,'276252363632838',1,'2025-11-25 16:01:25',NULL,NULL,'55096478060736@lid'),
 (37,'','2025-11-25 16:03:00',1,'276252363632838',1,'2025-11-25 16:03:05',NULL,NULL,NULL),
 (38,'','2025-11-25 16:04:00',1,'276252363632838',1,'2025-11-25 16:03:14',NULL,NULL,NULL),
 (39,'Matkom jangan lupa','2025-11-25 18:30:00',1,'268027551596731',4,'2025-11-25 18:29:40','1h','2025-11-25 19:00:00','34488704843856@lid'),
 (40,'Matkom jangan lupa','2025-11-25 18:31:00',1,'268027551596731',4,'2025-11-25 18:31:42',NULL,NULL,'34488704843856@lid'),
 (41,'Matkom jangan lupa','2025-11-25 23:33:00',1,'276252363632838',4,'2025-11-25 18:33:38','1h','2025-11-25 23:59:00','34488704843856@lid'),
 (42,'Bawa uang kas','2025-11-26 06:00:00',1,'19885782499330',6,'2025-11-25 21:41:12',NULL,NULL,NULL),
 (43,'KELAS MATKOM‼️','2025-11-26 10:40:00',1,'19885782499330',6,'2025-11-26 09:41:06',NULL,NULL,NULL),
 (44,'KELAS MATKOM‼️','2025-11-26 13:00:00',1,'19885782499330',6,'2025-11-26 09:41:36',NULL,NULL,NULL),
 (46,'Mengerjakan laporan sementara jarkom DHCP','2025-11-27 09:00:00',1,'19885782499330',6,'2025-11-26 19:08:09',NULL,NULL,NULL),
 (47,'mengerjakan laporan sementara jarkom DHCP','2025-11-26 23:59:00',1,'19885782499330',6,'2025-11-26 19:08:42',NULL,NULL,NULL),
 (48,'Yang belum bayar kas, ditunggu besok.','2025-11-27 08:00:00',1,'19885782499330',6,'2025-11-26 19:11:07',NULL,NULL,NULL),
 (49,'PELAKSANAAN UJIAN SUMATIF CBT SEMESTER GASAL 2025/2026 yakni meliputi mata kuliah yang di ampu saja Literasi digital, keagamaan, dan kewirausahaan','2025-12-18 00:00:00',1,'17295933992982',1,'2025-11-29 11:17:14',NULL,NULL,NULL),
 (50,'PELAKSANAAN UJIAN SUMATIF CBT SEMESTER GASAL 2025/2026 meliputi mata kuliah Literasi digital, keagamaan, dan kewirausahaan','2025-12-18 07:00:00',1,'19885782499330',1,'2025-11-29 11:17:55',NULL,NULL,NULL),
 (51,'PELAKSANAAN UJIAN SUMATIF CBT SEMESTER GASAL 2025/2026 yakni meliputi mata kuliah yang diampu saja Literasi digital, keagamaan, dan kewirausahaan','2025-12-17 09:00:00',1,'19885782499330',1,'2025-11-29 11:18:39',NULL,NULL,NULL),
 (52,'PELAKSANAAN UJIAN SUMATIF CBT SEMESTER GASAL 2025/2026 meliputi mata kuliah yang di ampu saja Literasi digital, keagamaan, dan kewirausahaan','2025-12-17 23:00:00',1,'19885782499330',1,'2025-11-29 11:19:44',NULL,NULL,NULL),
 (53,'PELAKSANAAN UJIAN SUMATIF CBT SEMESTER GASAL 2025/2026 yakni meliputi mata kuliah yang di ampu saja Literasi digital, keagamaan, dan kewirausahaan','2025-12-17 23:00:00',1,'19885782499330',6,'2025-11-29 11:21:01',NULL,NULL,NULL),
 (54,'GUYS SEGERA BAYAR GF YA YG BLM BAYAR KLO ADA KENDALA BILANGG🥲','2025-11-29 17:58:00',1,'19885782499330',6,'2025-11-29 17:28:47',NULL,NULL,NULL),
 (55,'Follow up anak-anak kelas yang belum bayar GF (total 32 orang) dan koreo (total 16 orang). Batas toleransi pembayaran adalah besok.','2025-12-01 09:00:00',1,'19885782499330',6,'2025-11-30 12:09:19',NULL,NULL,NULL),
 (56,'KELAS KWU. Topik: Progress Projek. Dilaksanakan: Offline (Gabung dengan kelas A). Ruangan: Menyusul.','2025-12-01 13:00:00',1,'19885782499330',6,'2025-12-01 09:46:03',NULL,NULL,NULL),
 (57,'resume matkom dl','2025-12-02 09:00:00',1,'19885782499330',6,'2025-12-01 13:36:17',NULL,NULL,NULL),
 (58,'jarkom laporan resmi dl','2025-12-03 09:00:00',1,'19885782499330',6,'2025-12-01 13:36:17',NULL,NULL,NULL),
 (59,'acara tribun','2025-12-02 09:00:00',1,'19885782499330',6,'2025-12-02 07:29:42',NULL,NULL,NULL),
 (60,'acara tribun','2025-12-02 19:00:00',1,'19885782499330',6,'2025-12-02 07:30:27',NULL,NULL,NULL),
 (63,'Persiapan matkul Alpro','2025-12-05 07:30:00',1,'19885782499330',6,'2025-12-04 00:52:59',NULL,NULL,NULL),
 (64,'Bangun','2025-12-05 03:00:00',1,'17295933992982',1,'2025-12-04 23:02:23',NULL,NULL,NULL),
 (65,'BANGUN DAN CHAT BU ROSITA','2025-12-05 02:50:00',1,'17295933992982',5,'2025-12-04 23:04:14',NULL,NULL,'50457795899392@lid,66941796528190@lid'),
 (66,'Bangun','2025-12-05 03:00:00',1,'276252363632838',1,'2025-12-04 23:11:21',NULL,NULL,'19885782499330@lid'),
 (67,'Matkom kelas B UAS','2025-12-16 09:30:00',1,'19885782499330',6,'2025-12-08 10:33:45',NULL,NULL,NULL),
 (68,'PMPB','2025-12-19 13:00:00',1,'75316747849738',6,'2025-12-08 10:51:32',NULL,NULL,NULL),
 (69,'Selesaikan tugas Jarkom.','2025-12-09 13:00:00',1,'19885782499330',6,'2025-12-09 11:53:28',NULL,NULL,NULL),
 (76,'Jok lali nribun jo','2025-12-12 14:00:00',1,'276252363632838',4,'2025-12-12 11:03:40',NULL,NULL,NULL),
 (77,'Jok lali nribun jo','2025-12-12 14:30:00',1,'276252363632838',4,'2025-12-12 11:03:41',NULL,NULL,NULL),
 (78,'Persiapkan UAS Matkom kelas B','2025-12-16 07:00:00',1,'19885782499330',6,'2025-12-14 10:15:59','3h','2025-12-16 09:30:00',NULL),
 (79,'Kerjakan Matematika Komputasi','2025-12-15 22:00:00',1,'268027551596731',4,'2025-12-15 00:54:43','3h','2025-12-16 00:54:00',NULL),
 (81,'Pengumpulan UAS Matematika Komputasi. 1. Kerjakan UAS sesuai pada Jadwal Perkuliahan, secara Serentak per Kelas. 2. ScreenShot hasil Report di Akhir sesi UAS, yang mencantumkan detail Nama dan Nilai. 3. Convert PDF dan Kumpulkan pada Form yang sudah disediakan. 4. Jika tidak submit Nilai O.','2025-12-15 13:53:00',1,'19885782499330',6,'2025-12-15 13:38:45',NULL,NULL,NULL),
 (82,'UAS Agama','2025-12-19 06:50:00',1,'19885782499330',6,'2025-12-18 22:03:18',NULL,NULL,NULL),
 (83,'UAS KWU','2025-12-19 09:20:00',1,'19885782499330',6,'2025-12-18 22:04:41',NULL,NULL,NULL),
 (84,'UAS MPB offline','2025-12-19 13:00:00',1,'19885782499330',6,'2025-12-18 22:05:23',NULL,NULL,NULL);
INSERT INTO `task_reminder_status` (`id`,`taskId`,`reminderType`,`isSent`) VALUES (1,31,'H-12',1),
 (6,34,'H-6',1),
 (7,24,'H-24',1),
 (12,36,'H-12',1),
 (17,36,'H-6',1),
 (21,36,'H-1',1),
 (26,24,'H-12',1),
 (27,25,'H-12',1),
 (28,32,'H-12',1),
 (30,25,'H-24',1),
 (31,32,'H-24',1),
 (33,24,'H-6',1),
 (34,25,'H-6',1),
 (35,32,'H-6',1),
 (37,24,'H-1',1),
 (38,25,'H-1',1),
 (39,32,'H-1',1),
 (41,35,'H-24',1),
 (45,35,'H-12',1),
 (48,35,'H-6',1),
 (50,35,'H-1',1),
 (55,46,'H-24',1),
 (56,47,'H-24',1),
 (57,46,'H-12',1),
 (58,47,'H-12',1),
 (59,46,'H-6',1),
 (60,47,'H-6',1),
 (61,46,'H-1',1),
 (62,47,'H-1',1),
 (63,50,'H-24',1),
 (64,50,'H-12',1),
 (65,50,'H-6',1),
 (66,50,'H-1',1),
 (73,26,'H-24',1),
 (74,54,'H-24',1),
 (75,26,'H-12',1),
 (76,54,'H-12',1),
 (77,55,'H-12',1),
 (78,55,'H-24',1),
 (79,55,'H-6',1),
 (80,26,'H-6',1),
 (81,54,'H-6',1),
 (82,61,'H-6',1),
 (83,61,'H-12',1),
 (84,61,'H-24',1),
 (85,55,'H-1',1),
 (86,26,'H-1',1),
 (87,54,'H-1',1),
 (88,61,'H-1',1),
 (89,43,'H-24',1),
 (90,45,'H-24',1),
 (91,33,'H-24',1),
 (92,33,'H-12',1),
 (93,43,'H-12',1),
 (94,45,'H-12',1),
 (95,33,'H-6',1),
 (96,43,'H-6',1),
 (97,45,'H-6',1),
 (98,33,'H-1',1),
 (99,43,'H-1',1),
 (100,45,'H-1',1),
 (101,44,'H-24',1),
 (102,44,'H-12',1),
 (103,44,'H-6',1),
 (104,44,'H-1',1),
 (110,71,'H-24',1),
 (111,73,'H-24',1),
 (112,71,'H-12',1),
 (113,73,'H-12',1),
 (114,71,'H-6',1),
 (115,73,'H-6',1),
 (116,71,'H-1',1),
 (117,73,'H-1',1),
 (118,27,'H-24',1),
 (119,27,'H-12',1),
 (120,27,'H-6',1),
 (121,27,'H-1',1),
 (122,70,'H-24',1),
 (123,70,'H-12',1),
 (124,70,'H-6',1),
 (125,70,'H-1',1),
 (126,37,'H-24',1),
 (127,59,'H-24',1),
 (128,62,'H-24',1),
 (129,72,'H-24',1),
 (131,79,'H-24',1),
 (132,37,'H-12',1),
 (133,59,'H-12',1),
 (134,62,'H-12',1),
 (135,72,'H-12',1),
 (136,84,'H-24',1),
 (137,37,'H-6',1),
 (138,59,'H-6',1),
 (139,62,'H-6',1),
 (140,72,'H-6',1),
 (142,79,'H-12',1),
 (143,37,'H-1',1),
 (144,59,'H-1',1),
 (145,62,'H-1',1),
 (146,72,'H-1',1),
 (147,63,'H-24',1),
 (149,84,'H-12',1),
 (150,79,'H-6',1),
 (152,84,'H-6',1),
 (153,79,'H-1',1),
 (155,90,'H-24',1),
 (156,90,'H-12',1),
 (157,63,'H-12',1),
 (158,84,'H-1',1),
 (159,88,'H-24',1),
 (160,57,'H-24',1),
 (161,90,'H-6',1),
 (162,63,'H-6',1),
 (163,90,'H-1',1),
 (164,63,'H-1',1),
 (165,64,'H-24',1),
 (166,88,'H-12',1),
 (167,57,'H-12',1),
 (168,83,'H-24',1),
 (169,88,'H-6',1),
 (170,57,'H-6',1),
 (171,74,'H-24',1),
 (172,87,'H-24',1),
 (173,89,'H-24',1),
 (174,64,'H-12',1),
 (175,88,'H-1',1),
 (176,57,'H-1',1),
 (177,64,'H-6',1),
 (178,83,'H-12',1),
 (179,74,'H-12',1),
 (180,87,'H-12',1),
 (181,89,'H-12',1),
 (182,64,'H-1',1),
 (183,78,'H-24',1),
 (184,86,'H-24',1),
 (185,83,'H-6',1),
 (186,74,'H-6',1),
 (187,87,'H-6',1),
 (188,89,'H-6',1),
 (189,76,'H-24',1),
 (190,77,'H-24',1),
 (191,74,'H-1',1),
 (192,87,'H-1',1),
 (193,89,'H-1',1),
 (194,75,'H-24',1),
 (195,78,'H-12',1),
 (196,86,'H-12',1),
 (197,82,'H-24',1),
 (198,78,'H-6',1),
 (199,86,'H-6',1),
 (200,76,'H-12',1),
 (201,77,'H-12',1),
 (202,75,'H-12',1),
 (203,78,'H-1',1),
 (204,86,'H-1',1),
 (205,56,'H-24',1),
 (206,60,'H-24',1),
 (207,65,'H-24',1),
 (208,80,'H-24',1),
 (209,76,'H-6',1),
 (210,77,'H-6',1),
 (211,82,'H-12',1),
 (212,75,'H-6',1),
 (213,76,'H-1',1),
 (214,77,'H-1',1),
 (215,75,'H-1',1),
 (216,82,'H-6',1),
 (217,56,'H-6',1),
 (218,60,'H-6',1),
 (219,65,'H-6',1),
 (220,80,'H-6',1),
 (221,56,'H-12',1),
 (222,60,'H-12',1),
 (223,65,'H-12',1),
 (224,80,'H-12',1),
 (225,56,'H-1',1),
 (226,60,'H-1',1),
 (227,65,'H-1',1),
 (228,80,'H-1',1),
 (229,91,'H-24',1),
 (230,91,'H-12',1),
 (231,91,'H-6',1);
-- COMMIT;
