PRAGMA foreign_keys=OFF;
BEGIN TRANSACTION;
CREATE TABLE IF NOT EXISTS "_prisma_migrations" (
    "id"                    TEXT PRIMARY KEY NOT NULL,
    "checksum"              TEXT NOT NULL,
    "finished_at"           DATETIME,
    "migration_name"        TEXT NOT NULL,
    "logs"                  TEXT,
    "rolled_back_at"        DATETIME,
    "started_at"            DATETIME NOT NULL DEFAULT current_timestamp,
    "applied_steps_count"   INTEGER UNSIGNED NOT NULL DEFAULT 0
);
INSERT INTO _prisma_migrations VALUES('5cfe3773-7fd6-411b-9056-0f245944eeee','5a0732d15304e8fbb678339b2257774cbf282d6cc10999503e24007db7c8ae4d',1763549491518,'20251119054547_init',NULL,NULL,1763549491289,1);
INSERT INTO _prisma_migrations VALUES('151b1621-bd84-4681-b4fa-2ebc19e3da91','712d78b79170297bdad8eb7cc60e174db113a1fa4fd6baae47e6e7346aded5f3',1763549491954,'20251119084203_add_group',NULL,NULL,1763549491564,1);
INSERT INTO _prisma_migrations VALUES('5b0ebb76-7ffc-4cf1-826d-e8f42fab104d','0a54ff5ce0460d8a7e1e34196f65b630fe7b2da5a3aa3ed771461cc427e257b3',1763549492656,'20251119091051_add_class',NULL,NULL,1763549492000,1);
INSERT INTO _prisma_migrations VALUES('7e319a2d-9241-48da-8df8-720f5ed4836e','35c0c2a54663903da86c1fabb78fc3878c94e627514476df914676bb5909cd7c',1763549493331,'20251119100924_add_task',NULL,NULL,1763549492702,1);
INSERT INTO _prisma_migrations VALUES('6a2c8b49-60a7-44be-873d-87ddf00e719a','b39095b64456c6e069001ad6232f70702877a1564459271b2bbd8f353a6ef279',1763549494068,'20251119103537_edit_schema',NULL,NULL,1763549493375,1);
INSERT INTO _prisma_migrations VALUES('a1641193-27d2-492c-b8c7-16e57e54263e','57f87d3b8161cf8a0525a161b2783f76d272d09cb67da29c05e89c91dc6b3d3a',1763555177839,'20251119122617_add_reminder',NULL,NULL,1763555177541,1);
INSERT INTO _prisma_migrations VALUES('e9f55d92-8163-49d2-9b5c-eb9731fb4d81','f4c136e10218abb99fff27674232cbe2bd624898f221a81775f5027110a46616',1763560362461,'20251119135242_update_task_id',NULL,NULL,1763560362088,1);
INSERT INTO _prisma_migrations VALUES('051ee254-a3d2-437d-832b-152794caaed9','3a15fbed805aa4ea1fa83cc4143871dcf94a67224f1e1e232bf77d901356d26c',1763707613750,'20251121064652_update_task_and_reminder',NULL,NULL,1763707612690,1);
CREATE TABLE IF NOT EXISTS "sub_groups" (
    "id" INTEGER NOT NULL PRIMARY KEY AUTOINCREMENT,
    "namaSubGrup" TEXT NOT NULL,
    "assignmentId" INTEGER NOT NULL,
    CONSTRAINT "sub_groups_assignmentId_fkey" FOREIGN KEY ("assignmentId") REFERENCES "group_assignments" ("id") ON DELETE CASCADE ON UPDATE CASCADE
);
INSERT INTO sub_groups VALUES(1,'Kelompok 1',1);
INSERT INTO sub_groups VALUES(2,'Kelompok 2',1);
CREATE TABLE IF NOT EXISTS "_MemberSubGroups" (
    "A" INTEGER NOT NULL,
    "B" INTEGER NOT NULL,
    CONSTRAINT "_MemberSubGroups_A_fkey" FOREIGN KEY ("A") REFERENCES "members" ("id") ON DELETE CASCADE ON UPDATE CASCADE,
    CONSTRAINT "_MemberSubGroups_B_fkey" FOREIGN KEY ("B") REFERENCES "sub_groups" ("id") ON DELETE CASCADE ON UPDATE CASCADE
);
INSERT INTO _MemberSubGroups VALUES(31,1);
INSERT INTO _MemberSubGroups VALUES(32,2);
CREATE TABLE IF NOT EXISTS "members" (
    "id" INTEGER NOT NULL PRIMARY KEY AUTOINCREMENT,
    "nim" TEXT NOT NULL,
    "nama" TEXT NOT NULL,
    "panggilan" TEXT,
    "class_id" INTEGER NOT NULL,
    "created_at" DATETIME NOT NULL DEFAULT CURRENT_TIMESTAMP,
    "updated_at" DATETIME NOT NULL,
    CONSTRAINT "members_class_id_fkey" FOREIGN KEY ("class_id") REFERENCES "classes" ("id") ON DELETE CASCADE ON UPDATE CASCADE
);
INSERT INTO members VALUES(1,'25091397003','MUHAMMAD MAULANA ADRIANSYAH','Maulana',1,1763549495513,1763549495513);
INSERT INTO members VALUES(2,'25091397015','MUHAMMAD SATRIYO FAJAR PANGESTU','Satriyo',1,1763549495513,1763549495513);
INSERT INTO members VALUES(3,'25091397023','RIFDAH SAKHI RAMADHANI','Rifdah',1,1763549495513,1763549495513);
INSERT INTO members VALUES(4,'25091397035','SAYYIDAH FARAH AMELLIA','Farah',1,1763549495513,1763549495513);
INSERT INTO members VALUES(5,'25091397037','HILBRAM IQBAL HAMIDY','Hilbram',1,1763549495513,1763549495513);
INSERT INTO members VALUES(6,'25091397042','WIBOWO AJI SETIAJI NOVIANSYAH','Wibowo',1,1763549495513,1763549495513);
INSERT INTO members VALUES(7,'25091397045','PILEYO HANANIM ZAMONOKHI BATE''E','Pileyo',1,1763549495513,1763549495513);
INSERT INTO members VALUES(8,'25091397051','ZULFA DUROTUN NAFISYAH','Zulfa',1,1763549495513,1763549495513);
INSERT INTO members VALUES(9,'25091397059','SYAIFUL ANAM','Syaiful',1,1763549495513,1763549495513);
INSERT INTO members VALUES(10,'25091397069','ADAM SAFINAS','Adam',1,1763549495513,1763549495513);
INSERT INTO members VALUES(11,'25091397076','SORAYA IKHSANIA BALQIS','Soraya',1,1763549495513,1763549495513);
INSERT INTO members VALUES(12,'25091397077','RAFA RIZQULLAH NUR MUHAMMAD','Rafa',1,1763549495513,1763549495513);
INSERT INTO members VALUES(13,'25091397082','ELVIRA APRILIA','Elvira',1,1763549495513,1763549495513);
INSERT INTO members VALUES(14,'25091397084','DAFA ABIYYU RAHYUDI','Dafa',1,1763549495513,1763549495513);
INSERT INTO members VALUES(15,'25091397086','LUQMAN BIL AS''HAR','Luqman',1,1763549495513,1763549495513);
INSERT INTO members VALUES(16,'25091397089','MUHAMMAD CAESARY WALY AVERROES','Caesary',1,1763549495513,1763549495513);
INSERT INTO members VALUES(17,'25091397093','CHRISTIANO LAURENCIUS GEOVANN GUNAWAN','Christiano',1,1763549495513,1763549495513);
INSERT INTO members VALUES(18,'25091397095','DILLA ANGELINA DAMIRI','Dilla',1,1763549495513,1763549495513);
INSERT INTO members VALUES(19,'25091397097','ALYA NURIN FADILAH','Alya',1,1763549495513,1763549495513);
INSERT INTO members VALUES(20,'25091397098','ELLA DEA AZAHRA','Ella',1,1763549495513,1763549495513);
INSERT INTO members VALUES(21,'25091397103','AULIA RESWARI PUTRI ARIF','Aulia',1,1763549495513,1763549495513);
INSERT INTO members VALUES(22,'25091397105','TEGAR SATRIA WICAKSONO','Tegar',1,1763549495513,1763549495513);
INSERT INTO members VALUES(23,'25091397108','AISYAH CURRENTS','Aisyah',1,1763549495513,1763549495513);
INSERT INTO members VALUES(24,'25091397111','RAFAEL MAULANA','Rafael',1,1763549495513,1763549495513);
INSERT INTO members VALUES(25,'25091397115','ALIF DAFFA FADILAH','Alif',1,1763549495513,1763549495513);
INSERT INTO members VALUES(26,'25091397124','NARENDRA DANISWARA','Narendra',1,1763549495513,1763549495513);
INSERT INTO members VALUES(27,'25091397129','ANDRASENA NUGRAHA','Andrasena',1,1763549495513,1763549495513);
INSERT INTO members VALUES(28,'25091397130','JIHAD FISABILILLAH','Jihad',1,1763549495513,1763549495513);
INSERT INTO members VALUES(29,'25091397132','FLO RARAS FATHIN','Flo',1,1763549495513,1763549495513);
INSERT INTO members VALUES(30,'25091397147','MOCHAMMAD BAGUS SETIO PRAKOSO','Bagus',1,1763549495513,1763549495513);
INSERT INTO members VALUES(31,'123001','Siswa 1',NULL,3,1763624899612,1763624899612);
INSERT INTO members VALUES(32,'123002','Siswa 2',NULL,3,1763624916091,1763624916091);
INSERT INTO members VALUES(33,'25091397074','FAJAR MULIA RAMADHAN','FAJAR',6,1763776207077,1763776207077);
INSERT INTO members VALUES(34,'25091397075','FATWA NURHIKMAH','FATWA',6,1763776220760,1763776220760);
INSERT INTO members VALUES(35,'25091397078','MUHAMMAD RISKI','RISKI',6,1763776243621,1763776243621);
INSERT INTO members VALUES(36,'25091397079','ABY PUTRA MAHENDRA','ABY',6,1763776258194,1763776258194);
INSERT INTO members VALUES(37,'25091397080','DEFANI NATALIA NINGRUM','FANI',6,1763776266245,1763776266245);
INSERT INTO members VALUES(38,'25091397081','PRIYANAPTA TSANYATHA','APTA',6,1763776272914,1763776272914);
INSERT INTO members VALUES(39,'25091397083','NIKMAL MAULINA ARBA''ANI','IMEL',6,1763776282615,1763776282615);
INSERT INTO members VALUES(40,'25091397085','KRISTINA INA HELAN','INA',6,1763776289909,1763776289909);
INSERT INTO members VALUES(41,'25091397087','ROSELLE MUSTARINO MARKETHY','ROSELLE',6,1763776322594,1763776322594);
INSERT INTO members VALUES(42,'25091397088','SYAFINA AZZAHRA','FINA',6,1763776330116,1763776330116);
INSERT INTO members VALUES(43,'25091397090','MUHAMMAD RAFI ADIWANTO','RAFI',6,1763776336470,1763776336470);
INSERT INTO members VALUES(44,'25091397091','MUCHAMMAD BUJANG NASRIL','NASRIL',6,1763776342953,1763776342953);
INSERT INTO members VALUES(45,'25091397092','ANISA DINI SEPTIANDA','ASA',6,1763776349517,1763776349517);
INSERT INTO members VALUES(46,'25091397094','MUHAMMAD AMRULLAH FAIQOH','FAIQ',6,1763776355398,1763776355398);
INSERT INTO members VALUES(47,'2121001','Luqman Bil As''har','Luqman',5,1763776364269,1763776364269);
INSERT INTO members VALUES(48,'25091397096','AMANDA RIYADHOTUL JANNAH','MANDA',6,1763776366717,1763776366717);
INSERT INTO members VALUES(49,'25091397099','RIZKY MARDIANTO','ANTO',6,1763776373139,1763776373139);
INSERT INTO members VALUES(50,'25091397100','RIFKY BINTANG ADI SEVENTNOVAN','RIFKY',6,1763776381031,1763776381031);
INSERT INTO members VALUES(51,'25091397101','DIVA SANTIA MEDYANA','DIVA',6,1763776387865,1763776387865);
INSERT INTO members VALUES(52,'25091397102','RISKA NURAINI','RISKA',6,1763776395866,1763776395866);
INSERT INTO members VALUES(53,'25091397104','KAUTSARINA','ARINA',6,1763776403569,1763776403569);
INSERT INTO members VALUES(54,'25091397106','LAELY RAHMA RAMADHANI','LAELY',6,1763776412536,1763776412536);
INSERT INTO members VALUES(55,'25091397107','MICHEL BRADY GIRSANG','MICHEL',6,1763776419838,1763776419838);
INSERT INTO members VALUES(56,'25091397109','CARISSA AMANDA EUODIA POHAN','CARISSA',6,1763776426265,1763776426265);
INSERT INTO members VALUES(57,'25091397110','MOKHAMMAD FAHIM IMANUDIN','FAHIM',6,1763776433497,1763776433497);
INSERT INTO members VALUES(58,'25091397112','ZAKIA FEBRI RAHMAWATI BASUKI','ZAKIA',6,1763776439119,1763776439119);
INSERT INTO members VALUES(59,'25091397113','NATASYA PUTRI AZAHRA','TASYA',6,1763776445999,1763776445999);
INSERT INTO members VALUES(60,'25091397114','NINA ERNITA RAHMADINA','NINA',6,1763776452922,1763776452922);
INSERT INTO members VALUES(61,'25091397116','RISMA NURUS SA''ADAH','RISMA',6,1763776458851,1763776458851);
INSERT INTO members VALUES(62,'25091397117','ADITYA NUR RAHMAN SUWANDI','ADIT',6,1763776464432,1763776464432);
INSERT INTO members VALUES(63,'25091397118','ARDHI FEBRIANO ALFIRDAUS','ARDHI',6,1763776470632,1763776470632);
INSERT INTO members VALUES(64,'25091397119','M. KHANANTA PUTRA SANI','KHANAN',6,1763776476997,1763776476997);
CREATE TABLE IF NOT EXISTS "subjects" (
    "id" INTEGER NOT NULL PRIMARY KEY AUTOINCREMENT,
    "name" TEXT NOT NULL,
    "semester_id" INTEGER NOT NULL,
    CONSTRAINT "subjects_semester_id_fkey" FOREIGN KEY ("semester_id") REFERENCES "semesters" ("id") ON DELETE CASCADE ON UPDATE CASCADE
);
INSERT INTO subjects VALUES(1,'Algoritma dan Pemrograman',1);
INSERT INTO subjects VALUES(2,'Matematika Komputasi',1);
INSERT INTO subjects VALUES(3,'Jaringan Komputer',1);
INSERT INTO subjects VALUES(4,'Literasi Digital',1);
INSERT INTO subjects VALUES(5,'Pengantar Manajemen Proses Bisnis',1);
INSERT INTO subjects VALUES(6,'Kewirausahaan',1);
INSERT INTO subjects VALUES(7,'Agama Islam',1);
INSERT INTO subjects VALUES(8,'Sejarah PJI',3);
INSERT INTO subjects VALUES(9,'Mapel Coba',4);
INSERT INTO subjects VALUES(11,'Mapel ok',6);
INSERT INTO subjects VALUES(12,'Pendidikan Agama',7);
INSERT INTO subjects VALUES(13,'Pendidikan Pancasila',7);
INSERT INTO subjects VALUES(14,'Pendidikan Kewarganegaraan',7);
INSERT INTO subjects VALUES(15,'Bahasa Indonesia',7);
INSERT INTO subjects VALUES(16,'Bahasa Inggris',7);
INSERT INTO subjects VALUES(17,'Filsafat Ilmu',7);
INSERT INTO subjects VALUES(18,'Matematika',4);
INSERT INTO subjects VALUES(19,'Bahasa Indonesia',4);
INSERT INTO subjects VALUES(20,'Ilmu Pengetahuan Alam',4);
INSERT INTO subjects VALUES(21,'Ilmu Pengetahuan Sosial',4);
INSERT INTO subjects VALUES(22,'Bahasa Inggris',4);
INSERT INTO subjects VALUES(23,'Pemrograman Dasar',13);
INSERT INTO subjects VALUES(24,'Pengenalan Komputer',13);
INSERT INTO subjects VALUES(25,'Desain Grafis',13);
INSERT INTO subjects VALUES(26,'Robotika',13);
INSERT INTO subjects VALUES(27,'Pengembangan Game Sederhana',13);
INSERT INTO subjects VALUES(32,'MatematikaKomputasi',24);
INSERT INTO subjects VALUES(33,'JaringanKomputer',24);
INSERT INTO subjects VALUES(34,'PengantarManajemenProsesBisnis',24);
INSERT INTO subjects VALUES(35,'AlgoritmaPemrograman',24);
INSERT INTO subjects VALUES(36,'LiterasiDigital',24);
INSERT INTO subjects VALUES(37,'AgamaIslam',24);
INSERT INTO subjects VALUES(38,'Kewirausahaan',24);
INSERT INTO subjects VALUES(39,'AgamaIslam',25);
INSERT INTO subjects VALUES(40,'AlgoritmaPemrograman',25);
INSERT INTO subjects VALUES(41,'JaringanKomputer',25);
INSERT INTO subjects VALUES(42,'Kewirausahaan',25);
INSERT INTO subjects VALUES(43,'LiterasiDigital',25);
INSERT INTO subjects VALUES(44,'MatematikaKomputasi',25);
INSERT INTO subjects VALUES(45,'PengantarManajemenProsesBisnis',25);
CREATE TABLE IF NOT EXISTS "classes" (
    "id" INTEGER NOT NULL PRIMARY KEY AUTOINCREMENT,
    "group_id" TEXT NOT NULL,
    "name" TEXT NOT NULL,
    "description" TEXT,
    "created_at" DATETIME NOT NULL DEFAULT CURRENT_TIMESTAMP,
    "updated_at" DATETIME NOT NULL
);
INSERT INTO classes VALUES(1,'120363421309923905@g.us','Inter 2025I','Intern Anti Senggol🤘🏻',1763549494939,1763565877061);
INSERT INTO classes VALUES(2,'120363405174875435@g.us','BagusBuoongUireng','Burit hitam favorit bagus',1763549508022,1763561552278);
INSERT INTO classes VALUES(3,'120363405303598995@g.us','Coba saja','Hanya mencoba',1763624860835,1763624860835);
INSERT INTO classes VALUES(4,'120363423058079311@g.us','ngeloco','oke',1763627102543,1763627102543);
INSERT INTO classes VALUES(5,'120363404773675253@g.us','Grup Testing Bot','Grup privat untuk testing bot',1763710725994,1763725827138);
INSERT INTO classes VALUES(6,'120363401665645537@g.us','KELAS C','Kelas Baru',1763774779138,1763774779138);
INSERT INTO classes VALUES(7,'120363407259340860@g.us','KELAS C [ADMIN]','Kelas Baru',1763778466672,1763778466672);
CREATE TABLE IF NOT EXISTS "group_assignments" (
    "id" INTEGER NOT NULL PRIMARY KEY AUTOINCREMENT,
    "judul" TEXT NOT NULL,
    "wa_group_id" TEXT NOT NULL,
    "class_id" INTEGER NOT NULL,
    "createdAt" DATETIME NOT NULL DEFAULT CURRENT_TIMESTAMP,
    CONSTRAINT "group_assignments_class_id_fkey" FOREIGN KEY ("class_id") REFERENCES "classes" ("id") ON DELETE CASCADE ON UPDATE CASCADE
);
INSERT INTO group_assignments VALUES(1,'ok','120363405303598995@g.us',3,1763632823012);
CREATE TABLE IF NOT EXISTS "semesters" (
    "id" INTEGER NOT NULL PRIMARY KEY AUTOINCREMENT,
    "name" TEXT NOT NULL,
    "isActive" BOOLEAN NOT NULL DEFAULT false,
    "class_id" INTEGER NOT NULL,
    CONSTRAINT "semesters_class_id_fkey" FOREIGN KEY ("class_id") REFERENCES "classes" ("id") ON DELETE CASCADE ON UPDATE CASCADE
);
INSERT INTO semesters VALUES(1,'Semester 1',1,1);
INSERT INTO semesters VALUES(2,'Semester 2',0,1);
INSERT INTO semesters VALUES(3,'Semester 5',1,2);
INSERT INTO semesters VALUES(4,'Semester 1',1,3);
INSERT INTO semesters VALUES(5,'Semester 1',1,4);
INSERT INTO semesters VALUES(6,'Semester 1',0,5);
INSERT INTO semesters VALUES(7,'Semester 2',1,5);
INSERT INTO semesters VALUES(8,'Semester 3',0,5);
INSERT INTO semesters VALUES(9,'Semester 4',0,5);
INSERT INTO semesters VALUES(10,'Semester 5',0,5);
INSERT INTO semesters VALUES(11,'Semester 6',0,5);
INSERT INTO semesters VALUES(12,'Semester 7',0,5);
INSERT INTO semesters VALUES(13,'Semester 2',0,3);
INSERT INTO semesters VALUES(14,'Semester 3',0,3);
INSERT INTO semesters VALUES(15,'Semester 4',0,3);
INSERT INTO semesters VALUES(16,'Semester 5',0,3);
INSERT INTO semesters VALUES(17,'Semester 6',0,3);
INSERT INTO semesters VALUES(18,'Semester 7',0,3);
INSERT INTO semesters VALUES(19,'Semester 3',0,1);
INSERT INTO semesters VALUES(20,'Semester 4',0,1);
INSERT INTO semesters VALUES(21,'Semester 5',0,1);
INSERT INTO semesters VALUES(22,'Semester 6',0,1);
INSERT INTO semesters VALUES(23,'Semester 7',0,1);
INSERT INTO semesters VALUES(24,'Semester 1',1,6);
INSERT INTO semesters VALUES(25,'Semester 1',1,7);
CREATE TABLE IF NOT EXISTS "reminders" (
    "id" INTEGER NOT NULL PRIMARY KEY AUTOINCREMENT,
    "pesan" TEXT NOT NULL,
    "waktu" DATETIME NOT NULL,
    "isSent" BOOLEAN NOT NULL DEFAULT false,
    "sender" TEXT,
    "class_id" INTEGER NOT NULL,
    "created_at" DATETIME NOT NULL DEFAULT CURRENT_TIMESTAMP, "repeatInterval" TEXT, "repeatUntil" DATETIME,
    CONSTRAINT "reminders_class_id_fkey" FOREIGN KEY ("class_id") REFERENCES "classes" ("id") ON DELETE CASCADE ON UPDATE CASCADE
);
INSERT INTO reminders VALUES(1,'Jok lali mene budal nak graha',1763593200000,1,'276252363632838',1,1763556920264,NULL,NULL);
INSERT INTO reminders VALUES(2,'test',1763557200000,1,'276252363632838',1,1763557179657,NULL,NULL);
INSERT INTO reminders VALUES(3,'test',1763557560000,1,'276252363632838',1,1763557517358,NULL,NULL);
INSERT INTO reminders VALUES(4,'Test2',1763557740000,1,'276252363632838',1,1763557683717,NULL,NULL);
INSERT INTO reminders VALUES(7,'Test 3',1763558160000,1,'276252363632838',1,1763558113719,NULL,NULL);
INSERT INTO reminders VALUES(8,'Acara di Liwet',1763589600000,1,'276252363632838',1,1763565628752,NULL,NULL);
INSERT INTO reminders VALUES(9,'Coba',1763625240000,1,'276252363632838',3,1763625216015,NULL,NULL);
INSERT INTO reminders VALUES(10,'Coba',1763625600000,1,'276252363632838',3,1763625457920,NULL,NULL);
INSERT INTO reminders VALUES(11,'Coba',1764403200000,0,'4582981812442',3,1763625560321,NULL,NULL);
INSERT INTO reminders VALUES(12,'Seli desah',1763627400000,1,'4582981812442',4,1763627147008,NULL,NULL);
INSERT INTO reminders VALUES(13,'Yuda ngeloco',1763630460000,1,'4582981812442',4,1763630452812,NULL,NULL);
INSERT INTO reminders VALUES(14,'ngadusi mut-',1763631780000,1,'97560333144312',4,1763630572739,NULL,NULL);
INSERT INTO reminders VALUES(15,'Deadline MPB sudah dekat kid',1763698500000,1,'276252363632838',1,1763696164150,NULL,NULL);
INSERT INTO reminders VALUES(16,'ke mcc',1763718300000,1,'97560333144312',4,1763697895013,NULL,NULL);
INSERT INTO reminders VALUES(17,'ndang budal',1763718900000,1,'97560333144312',4,1763697916185,NULL,NULL);
INSERT INTO reminders VALUES(18,'bales chat ke siswa',1763702400000,1,'97560333144312',4,1763697952951,NULL,NULL);
INSERT INTO reminders VALUES(19,'remedial',1763942400000,0,'4582981812442',4,1763714943966,NULL,NULL);
INSERT INTO reminders VALUES(20,'remedial',1764115200000,0,'4582981812442',4,1763714991895,NULL,NULL);
INSERT INTO reminders VALUES(21,'Sorry ganggu',1763718900000,1,'276252363632838',5,1763718251778,'5m',1763719200000);
INSERT INTO reminders VALUES(22,'Sorry ganggu',1763718900000,1,'276252363632838',1,1763718418566,'5m',1763719200000);
INSERT INTO reminders VALUES(23,'coba',1763738100000,1,'276252363632838',5,1763738029275,NULL,NULL);
INSERT INTO reminders VALUES(24,'Pengingat',1763738220000,1,'276252363632838',5,1763738139334,NULL,1763738400000);
INSERT INTO reminders VALUES(26,'Pengingat Berulang',1763739120000,1,'276252363632838',5,1763738968776,'1m',1763739180000);
INSERT INTO reminders VALUES(27,'tugas coding',1763739900000,1,'14616377700491',5,1763739369059,'5m',1763740200000);
INSERT INTO reminders VALUES(28,'Cari data Imsak, Subuh, dan Fajar Surabaya',1763766000000,1,'276252363632838',5,1763740396771,NULL,NULL);
INSERT INTO reminders VALUES(29,'Waktunya Imsak di Surabaya. Siap-siap sahur terakhir ya!',1763758020000,1,'276252363632838',5,1763740720393,NULL,NULL);
INSERT INTO reminders VALUES(30,'Azan Subuh akan berkumandang di Surabaya. Yuk, bangun dan tunaikan sholat Fajar!',1763758620000,1,'276252363632838',5,1763740720507,NULL,NULL);
INSERT INTO reminders VALUES(31,'Waktu Fajar telah tiba di Surabaya. Manfaatkan waktu subuh ini dengan baik ya!',1763758620000,1,'276252363632838',5,1763740720587,NULL,NULL);
INSERT INTO reminders VALUES(32,'Pengingat Sholat: Jam 12 siang nanti ya, gengs! Jangan sampai kelewat~',1763787600000,0,'276252363632838',1,1763776465369,NULL,NULL);
INSERT INTO reminders VALUES(33,'Siap-siap sholat yuk! Pengingat untuk jam 3 sore ini.',1763798400000,0,'276252363632838',1,1763776465452,NULL,NULL);
INSERT INTO reminders VALUES(34,'Waktunya gas tugas, gaes! Biar cepat kelar dan bisa rebahan.',1763777700000,1,'14616377700491',6,1763777437663,NULL,NULL);
INSERT INTO reminders VALUES(35,'tugas',1763778000000,1,'14616377700491',6,1763777496057,NULL,NULL);
INSERT INTO reminders VALUES(36,'Pengingat berulang',1763778300000,1,'276252363632838',5,1763778013610,'1m',1763778360000);
INSERT INTO reminders VALUES(38,'Laprak Matkom Minggu ke 12',1764003540000,0,'17295933992982',6,1763779220051,NULL,NULL);
CREATE TABLE IF NOT EXISTS "task_reminder_status" (
    "id" INTEGER NOT NULL PRIMARY KEY AUTOINCREMENT,
    "taskId" INTEGER NOT NULL,
    "reminderType" TEXT NOT NULL,
    "isSent" BOOLEAN NOT NULL DEFAULT false,
    CONSTRAINT "task_reminder_status_taskId_fkey" FOREIGN KEY ("taskId") REFERENCES "tasks" ("id") ON DELETE CASCADE ON UPDATE CASCADE
);
INSERT INTO task_reminder_status VALUES(1,9,'H-1',1);
INSERT INTO task_reminder_status VALUES(2,10,'H-6',1);
INSERT INTO task_reminder_status VALUES(3,11,'H-6',1);
INSERT INTO task_reminder_status VALUES(4,12,'H-6',1);
INSERT INTO task_reminder_status VALUES(5,13,'H-1',1);
INSERT INTO task_reminder_status VALUES(6,14,'H-6',1);
INSERT INTO task_reminder_status VALUES(7,15,'H-1',1);
INSERT INTO task_reminder_status VALUES(8,17,'H-1',1);
INSERT INTO task_reminder_status VALUES(10,26,'H-24',1);
INSERT INTO task_reminder_status VALUES(11,20,'H-12',1);
INSERT INTO task_reminder_status VALUES(12,20,'H-6',1);
CREATE TABLE IF NOT EXISTS "tasks" (
    "id" INTEGER NOT NULL PRIMARY KEY AUTOINCREMENT,
    "mapel" TEXT NOT NULL,
    "judul" TEXT NOT NULL,
    "deadline" DATETIME NOT NULL,
    "link" TEXT,
    "status" TEXT NOT NULL DEFAULT 'Pending',
    "isGroupTask" BOOLEAN NOT NULL DEFAULT false,
    "class_id" INTEGER NOT NULL,
    "created_at" DATETIME NOT NULL DEFAULT CURRENT_TIMESTAMP, "attachmentData" TEXT,
    CONSTRAINT "tasks_class_id_fkey" FOREIGN KEY ("class_id") REFERENCES "classes" ("id") ON DELETE CASCADE ON UPDATE CASCADE
);
INSERT INTO tasks VALUES(1,'Sejarah PJI','Mengumpulkan sample muani',1763510400000,'LMS','Terlewat',0,2,1763561699417,NULL);
INSERT INTO tasks VALUES(2,'Algoritma dan Pemrograman','TSP',1763510400000,'https://drive.google.com/drive/folders/1-B1SaWhbPsHevzwm0sEVZCXTD3essbLH?usp=sharing','Selesai',0,1,1763574468979,NULL);
INSERT INTO tasks VALUES(3,'Jaringan Komputer','Sesuai dengan module',1764115200000,'https://drive.google.com/drive/folders/1-B1SaWhbPsHevzwm0sEVZCXTD3essbLH?usp=sharing','Pending',0,1,1763574525770,'{"type":"documentMessage","mimetype":"application/pdf","localFilePath":"/media/hnzsama/NewVolume/Study/Unesa/Algoritma_Dan_Pemrograman/UAS/class-bot/media_tasks/1763723886704_119,219,.pdf"}');
INSERT INTO tasks VALUES(4,'Literasi Digital','Membuat Video pendek 3-5 menit, upload youtube',1764522000000,'https://docs.google.com/forms/d/e/1FAIpQLSc0De5_krKuIPDjN9fuApyUW3IcneO9ttPn-z9mA8MfV095Og/viewform?usp=sharing&ouid=112501878264125714460','Pending',0,1,1763618426018,NULL);
INSERT INTO tasks VALUES(5,'Agama Islam','(Tugas Akhir) Membuat media digital untuk keperluan dakwah, terserah poster, booklet dll',1765126800000,'https://drive.google.com/drive/folders/1APaZlSj--KsiaAd1Z5EYp3mpkJGNGMnH (sementara)','Pending',0,1,1763618668152,NULL);
INSERT INTO tasks VALUES(6,'Matematika Komputasi','Praktikum 3',1764028800000,'LMS','Pending',0,1,1763624366267,NULL);
INSERT INTO tasks VALUES(8,'Pengantar Manajemen Proses Bisnis','Gform',1763683200000,'https://bit.ly/PMPB-PERTEMUAN13','Selesai',0,1,1763696114896,NULL);
INSERT INTO tasks VALUES(17,'Mapel ok','ok',1763721060000,'-','Selesai',0,5,1763717398927,NULL);
INSERT INTO tasks VALUES(19,'Pendidikan Agama','Video Pencak Silat',1715878740000,'-','Selesai',1,5,1763732649498,NULL);
INSERT INTO tasks VALUES(20,'Pendidikan Pancasila','Membuat Video',1763791200000,'-','Pending',0,5,1763733127857,NULL);
INSERT INTO tasks VALUES(26,'Matematika','Menghitung luas bokong Azril',1763830740000,'-','Pending',1,3,1763734770795,NULL);
INSERT INTO tasks VALUES(27,'Ilmu Pengetahuan Alam','mengamati makhluk hidup',1764309600000,'-','Pending',0,3,1763734859855,NULL);
INSERT INTO tasks VALUES(29,'AlgoritmaPemrograman','membuat game',1764435540000,'-','Pending',0,6,1763777120724,NULL);
INSERT INTO tasks VALUES(30,'MatematikaKomputasi','Labrak Matkok ke 12',1764089940000,'-','Pending',0,6,1763777305628,NULL);
DELETE FROM sqlite_sequence;
INSERT INTO sqlite_sequence VALUES('members',64);
INSERT INTO sqlite_sequence VALUES('classes',7);
INSERT INTO sqlite_sequence VALUES('group_assignments',1);
INSERT INTO sqlite_sequence VALUES('semesters',25);
INSERT INTO sqlite_sequence VALUES('subjects',45);
INSERT INTO sqlite_sequence VALUES('reminders',38);
INSERT INTO sqlite_sequence VALUES('sub_groups',2);
INSERT INTO sqlite_sequence VALUES('tasks',30);
INSERT INTO sqlite_sequence VALUES('task_reminder_status',12);
CREATE UNIQUE INDEX "_MemberSubGroups_AB_unique" ON "_MemberSubGroups"("A", "B");
CREATE INDEX "_MemberSubGroups_B_index" ON "_MemberSubGroups"("B");
CREATE UNIQUE INDEX "members_nim_key" ON "members"("nim");
CREATE UNIQUE INDEX "classes_group_id_key" ON "classes"("group_id");
CREATE UNIQUE INDEX "task_reminder_status_taskId_reminderType_key" ON "task_reminder_status"("taskId", "reminderType");
COMMIT;
